"장르별(1)","연령대별(1)",2023. 12,2023. 12,2023. 12,2023. 12,2023. 11,2023. 11,2023. 11,2023. 11,2023. 10,2023. 10,2023. 10,2023. 10,2023. 09,2023. 09,2023. 09,2023. 09,2023. 08,2023. 08,2023. 08,2023. 08,2023. 07,2023. 07,2023. 07,2023. 07,2023. 06,2023. 06,2023. 06,2023. 06,2023. 05,2023. 05,2023. 05,2023. 05,2023. 04,2023. 04,2023. 04,2023. 04,2023. 03,2023. 03,2023. 03,2023. 03,2023. 02,2023. 02,2023. 02,2023. 02,2023. 01,2023. 01,2023. 01,2023. 01,2022. 12,2022. 12,2022. 12,2022. 12,2022. 11,2022. 11,2022. 11,2022. 11,2022. 10,2022. 10,2022. 10,2022. 10,2022. 09,2022. 09,2022. 09,2022. 09,2022. 08,2022. 08,2022. 08,2022. 08,2022. 07,2022. 07,2022. 07,2022. 07,2022. 06,2022. 06,2022. 06,2022. 06,2022. 05,2022. 05,2022. 05,2022. 05,2022. 04,2022. 04,2022. 04,2022. 04,2022. 03,2022. 03,2022. 03,2022. 03,2022. 02,2022. 02,2022. 02,2022. 02,2022. 01,2022. 01,2022. 01,2022. 01,2021. 12,2021. 12,2021. 12,2021. 12,2021. 11,2021. 11,2021. 11,2021. 11,2021. 10,2021. 10,2021. 10,2021. 10,2021. 09,2021. 09,2021. 09,2021. 09,2021. 08,2021. 08,2021. 08,2021. 08,2021. 07,2021. 07,2021. 07,2021. 07,2021. 06,2021. 06,2021. 06,2021. 06,2021. 05,2021. 05,2021. 05,2021. 05,2021. 04,2021. 04,2021. 04,2021. 04
"장르별(1)","연령대별(1)",남자,남자,여자,여자,남자,남자,여자,여자,남자,남자,여자,여자,남자,남자,여자,여자,남자,남자,여자,여자,남자,남자,여자,여자,남자,남자,여자,여자,남자,남자,여자,여자,남자,남자,여자,여자,남자,남자,여자,여자,남자,남자,여자,여자,남자,남자,여자,여자,남자,남자,여자,여자,남자,남자,여자,여자,남자,남자,여자,여자,남자,남자,여자,여자,남자,남자,여자,여자,남자,남자,여자,여자,남자,남자,여자,여자,남자,남자,여자,여자,남자,남자,여자,여자,남자,남자,여자,여자,남자,남자,여자,여자,남자,남자,여자,여자,남자,남자,여자,여자,남자,남자,여자,여자,남자,남자,여자,여자,남자,남자,여자,여자,남자,남자,여자,여자,남자,남자,여자,여자,남자,남자,여자,여자,남자,남자,여자,여자,남자,남자,여자,여자
"장르별(1)","연령대별(1)",시청시간 (분),시청률 (%),시청시간 (분),시청률 (%),시청시간 (분),시청률 (%),시청시간 (분),시청률 (%),시청시간 (분),시청률 (%),시청시간 (분),시청률 (%),시청시간 (분),시청률 (%),시청시간 (분),시청률 (%),시청시간 (분),시청률 (%),시청시간 (분),시청률 (%),시청시간 (분),시청률 (%),시청시간 (분),시청률 (%),시청시간 (분),시청률 (%),시청시간 (분),시청률 (%),시청시간 (분),시청률 (%),시청시간 (분),시청률 (%),시청시간 (분),시청률 (%),시청시간 (분),시청률 (%),시청시간 (분),시청률 (%),시청시간 (분),시청률 (%),시청시간 (분),시청률 (%),시청시간 (분),시청률 (%),시청시간 (분),시청률 (%),시청시간 (분),시청률 (%),시청시간 (분),시청률 (%),시청시간 (분),시청률 (%),시청시간 (분),시청률 (%),시청시간 (분),시청률 (%),시청시간 (분),시청률 (%),시청시간 (분),시청률 (%),시청시간 (분),시청률 (%),시청시간 (분),시청률 (%),시청시간 (분),시청률 (%),시청시간 (분),시청률 (%),시청시간 (분),시청률 (%),시청시간 (분),시청률 (%),시청시간 (분),시청률 (%),시청시간 (분),시청률 (%),시청시간 (분),시청률 (%),시청시간 (분),시청률 (%),시청시간 (분),시청률 (%),시청시간 (분),시청률 (%),시청시간 (분),시청률 (%),시청시간 (분),시청률 (%),시청시간 (분),시청률 (%),시청시간 (분),시청률 (%),시청시간 (분),시청률 (%),시청시간 (분),시청률 (%),시청시간 (분),시청률 (%),시청시간 (분),시청률 (%),시청시간 (분),시청률 (%),시청시간 (분),시청률 (%),시청시간 (분),시청률 (%),시청시간 (분),시청률 (%),시청시간 (분),시청률 (%),시청시간 (분),시청률 (%),시청시간 (분),시청률 (%),시청시간 (분),시청률 (%),시청시간 (분),시청률 (%),시청시간 (분),시청률 (%),시청시간 (분),시청률 (%),시청시간 (분),시청률 (%),시청시간 (분),시청률 (%),시청시간 (분),시청률 (%),시청시간 (분),시청률 (%),시청시간 (분),시청률 (%)
"보도","4-9세",212.231,0.103,278.648,0.136,180.124,0.085,269.760,0.128,167.732,0.087,260.188,0.134,194.486,0.103,279.357,0.149,257.522,0.117,335.980,0.152,268.122,0.126,299.228,0.140,231.986,0.114,228.550,0.113,246.485,0.116,242.379,0.114,247.199,0.122,267.855,0.132,290.807,0.135,317.509,0.148,297.347,0.153,329.434,0.170,283.079,0.138,292.277,0.143,262.129,0.138,287.467,0.151,333.937,0.164,326.231,0.160,446.365,0.212,375.506,0.178,420.493,0.206,351.324,0.172,351.630,0.163,318.789,0.148,322.529,0.154,346.692,0.166,381.474,0.171,318.624,0.143,402.525,0.173,397.679,0.171,405.351,0.195,388.923,0.187,654.027,0.291,681.512,0.303,483.221,0.280,435.812,0.253,327.764,0.159,407.836,0.198,501.241,0.231,495.145,0.228,531.071,0.257,593.947,0.287,477.334,0.228,513.726,0.245,424.252,0.218,454.714,0.233,422.739,0.214,527.448,0.267,351.558,0.176,404.942,0.203,348.190,0.167,407.100,0.195,385.546,0.187,463.670,0.225,418.257,0.197,428.599,0.202
"보도","10대",410.374,0.200,350.657,0.171,415.045,0.197,400.138,0.190,383.590,0.198,412.561,0.213,394.081,0.210,384.783,0.205,504.351,0.229,458.471,0.208,478.298,0.224,411.287,0.193,429.704,0.212,324.046,0.160,405.406,0.191,321.558,0.151,352.354,0.174,278.531,0.137,457.307,0.213,319.215,0.148,367.450,0.189,311.469,0.160,385.184,0.188,397.370,0.194,377.222,0.198,431.804,0.227,392.029,0.193,425.835,0.209,387.536,0.184,495.930,0.236,349.634,0.171,474.001,0.232,351.821,0.163,370.456,0.171,333.397,0.159,319.970,0.153,343.995,0.154,371.623,0.166,367.933,0.158,391.503,0.168,365.503,0.176,448.424,0.216,514.744,0.229,585.005,0.260,352.927,0.205,427.352,0.248,317.744,0.154,344.269,0.167,357.788,0.165,372.883,0.172,306.146,0.148,314.285,0.152,323.205,0.154,311.806,0.149,308.553,0.158,304.812,0.156,315.500,0.159,332.022,0.168,267.929,0.134,319.725,0.160,322.097,0.154,302.866,0.145,333.469,0.162,311.270,0.151,379.135,0.179,353.558,0.166
"보도","20대",485.584,0.237,489.320,0.238,395.183,0.187,473.964,0.225,339.728,0.176,478.114,0.247,359.525,0.191,471.075,0.250,451.911,0.205,525.978,0.238,373.372,0.175,467.976,0.219,320.323,0.158,400.469,0.198,335.017,0.158,440.854,0.208,324.466,0.160,454.097,0.224,370.011,0.172,425.672,0.198,375.610,0.193,442.738,0.228,423.976,0.207,427.484,0.209,382.321,0.201,434.348,0.228,371.398,0.183,449.640,0.221,407.471,0.194,464.039,0.220,388.605,0.191,520.341,0.255,396.059,0.183,533.204,0.247,385.229,0.184,489.609,0.234,395.107,0.177,477.973,0.214,409.348,0.176,527.951,0.227,392.059,0.189,542.890,0.261,569.600,0.254,650.411,0.290,385.054,0.223,478.324,0.277,378.582,0.184,486.669,0.236,466.904,0.215,592.538,0.273,399.132,0.193,567.337,0.274,381.249,0.182,607.314,0.290,370.871,0.190,527.511,0.270,397.037,0.201,557.526,0.282,433.391,0.217,501.325,0.251,435.069,0.208,409.026,0.196,431.356,0.210,450.768,0.219,431.840,0.203,533.302,0.251
"보도","30대",610.560,0.297,497.761,0.242,598.113,0.284,570.959,0.271,554.926,0.287,544.527,0.281,551.125,0.293,516.264,0.274,677.023,0.307,652.558,0.296,701.006,0.328,595.531,0.279,607.118,0.299,542.080,0.267,628.486,0.296,548.876,0.258,583.993,0.288,473.566,0.234,682.484,0.317,541.832,0.252,642.450,0.331,546.522,0.282,702.493,0.343,475.029,0.232,654.446,0.344,438.975,0.231,694.972,0.342,576.089,0.283,732.453,0.348,656.814,0.312,685.742,0.336,618.878,0.303,735.509,0.340,545.734,0.253,648.254,0.310,516.692,0.247,547.126,0.245,514.542,0.231,561.858,0.242,569.095,0.245,577.776,0.278,527.477,0.254,870.785,0.388,819.717,0.365,611.213,0.354,574.744,0.333,549.864,0.267,514.677,0.250,631.719,0.291,577.031,0.266,594.436,0.287,548.556,0.265,638.758,0.305,608.660,0.290,575.490,0.295,533.161,0.273,660.375,0.334,593.153,0.300,617.079,0.309,598.980,0.300,573.846,0.275,554.603,0.265,588.985,0.286,559.289,0.272,643.747,0.303,583.761,0.275
"보도","40대",825.836,0.402,741.820,0.361,808.134,0.383,681.349,0.323,774.610,0.400,662.900,0.343,715.122,0.380,559.210,0.297,839.423,0.380,716.266,0.325,814.618,0.381,710.873,0.333,725.717,0.358,621.397,0.306,783.680,0.369,655.604,0.309,748.837,0.369,634.589,0.313,774.981,0.360,707.680,0.329,750.802,0.387,710.674,0.366,760.765,0.372,805.018,0.393,753.027,0.396,818.270,0.430,800.629,0.394,868.288,0.427,844.292,0.401,914.678,0.435,839.003,0.411,876.348,0.430,863.417,0.400,845.729,0.392,791.094,0.378,804.762,0.385,779.640,0.349,761.328,0.341,808.538,0.348,753.200,0.324,765.298,0.368,742.693,0.357,1087.181,0.484,1067.512,0.475,777.750,0.451,763.180,0.442,772.106,0.374,691.223,0.335,1012.101,0.467,815.921,0.376,937.740,0.453,738.937,0.357,976.647,0.466,800.133,0.382,913.492,0.468,781.545,0.401,1023.110,0.517,848.670,0.429,915.734,0.458,753.155,0.377,921.150,0.441,669.636,0.320,1035.305,0.503,754.773,0.367,1050.265,0.495,850.470,0.401
"보도","50대",999.887,0.487,1165.782,0.568,1032.113,0.490,1186.234,0.563,1046.676,0.541,1099.046,0.568,918.507,0.488,1043.620,0.555,1062.153,0.481,1273.828,0.577,985.370,0.461,1227.129,0.575,871.364,0.430,1017.798,0.502,934.697,0.440,1061.693,0.500,938.185,0.463,1016.744,0.502,1011.811,0.470,1125.577,0.523,984.488,0.507,1093.504,0.563,1111.918,0.543,1198.384,0.585,1069.937,0.563,1173.544,0.617,1107.490,0.544,1258.397,0.619,1131.581,0.538,1346.213,0.640,1184.835,0.581,1358.166,0.666,1234.132,0.571,1334.467,0.618,1133.031,0.542,1306.402,0.625,1144.078,0.513,1353.337,0.606,1201.070,0.517,1438.482,0.619,1189.494,0.572,1389.792,0.668,1696.915,0.755,1940.209,0.864,1182.880,0.686,1333.349,0.773,1188.990,0.577,1315.231,0.638,1402.325,0.646,1547.695,0.713,1272.444,0.615,1421.511,0.687,1380.054,0.659,1482.865,0.708,1326.756,0.680,1451.339,0.744,1479.066,0.747,1647.489,0.833,1395.267,0.698,1598.706,0.800,1285.214,0.615,1435.894,0.687,1365.720,0.663,1420.207,0.690,1460.907,0.688,1551.291,0.731
"보도","60세 이상",2270.705,1.106,2138.623,1.042,2213.620,1.050,2066.234,0.980,2073.578,1.071,1984.525,1.025,2028.158,1.078,2000.552,1.064,2379.452,1.078,2395.110,1.086,2248.932,1.053,2306.208,1.080,2042.060,1.007,2014.250,0.993,2134.687,1.005,2151.906,1.013,2040.478,1.007,2046.797,1.010,2166.305,1.007,2260.225,1.051,2114.468,1.089,2161.145,1.113,2322.522,1.134,2331.997,1.139,2184.126,1.149,2170.889,1.142,2214.015,1.088,2209.914,1.086,2260.932,1.074,2254.618,1.071,2338.425,1.146,2295.352,1.125,2475.521,1.146,2446.644,1.133,2378.232,1.137,2384.303,1.140,2538.185,1.137,2517.633,1.128,2616.534,1.126,2549.704,1.097,2459.604,1.183,2421.082,1.164,3160.367,1.407,3199.577,1.424,2301.848,1.334,2312.548,1.341,2398.765,1.163,2274.944,1.103,2682.298,1.236,2622.474,1.209,2485.699,1.202,2446.220,1.183,2540.478,1.212,2543.428,1.214,2434.592,1.248,2440.882,1.251,2631.798,1.330,2751.233,1.390,2666.800,1.334,2685.967,1.344,2532.659,1.212,2431.386,1.164,2480.553,1.205,2429.681,1.180,2654.502,1.250,2614.138,1.231
"정보","4-9세",157.729,0.080,202.371,0.102,136.101,0.069,196.792,0.100,132.447,0.073,167.920,0.092,129.984,0.073,171.275,0.096,184.588,0.094,196.431,0.100,195.364,0.099,212.593,0.108,191.586,0.100,189.288,0.099,221.433,0.114,200.630,0.104,204.562,0.110,179.822,0.096,262.710,0.132,226.531,0.114,212.343,0.117,240.757,0.132,215.144,0.111,251.762,0.130,183.720,0.106,234.059,0.135,278.175,0.150,242.278,0.130,332.569,0.173,259.440,0.135,311.934,0.170,227.972,0.124,256.102,0.129,245.626,0.124,241.924,0.121,217.107,0.108,237.948,0.127,227.372,0.121,269.936,0.137,279.768,0.142,372.343,0.194,291.820,0.152,396.205,0.205,327.043,0.170,266.195,0.173,231.440,0.150,193.772,0.098,294.966,0.149,358.075,0.179,304.938,0.152,423.018,0.215,346.419,0.176,398.189,0.203,360.244,0.183,340.718,0.179,298.756,0.157,293.348,0.161,275.241,0.151,304.259,0.167,278.798,0.153,346.651,0.174,314.080,0.158,337.148,0.169,371.877,0.187,321.981,0.166,390.361,0.201
"정보","10대",303.042,0.153,262.490,0.133,288.587,0.147,289.579,0.148,328.476,0.180,328.488,0.180,315.702,0.176,291.292,0.163,325.113,0.165,297.554,0.151,309.678,0.158,292.180,0.149,307.879,0.160,274.326,0.143,285.393,0.147,274.602,0.142,278.666,0.149,255.367,0.137,363.140,0.183,294.244,0.148,302.124,0.166,261.437,0.144,329.135,0.169,295.047,0.152,327.670,0.189,300.910,0.174,288.876,0.155,280.502,0.151,251.306,0.131,300.649,0.156,213.009,0.116,282.917,0.154,214.838,0.108,247.622,0.125,191.017,0.095,215.284,0.107,199.028,0.106,240.051,0.128,261.435,0.132,259.877,0.131,250.896,0.131,320.715,0.167,281.233,0.146,354.344,0.184,211.093,0.137,257.304,0.167,258.383,0.131,220.724,0.112,241.797,0.121,273.240,0.136,220.974,0.112,271.300,0.138,215.163,0.110,247.825,0.126,238.165,0.125,258.701,0.136,201.273,0.110,224.165,0.123,212.885,0.117,229.480,0.126,265.697,0.133,237.806,0.119,264.645,0.133,233.710,0.117,294.796,0.152,270.592,0.139
"정보","20대",291.864,0.148,270.730,0.137,298.124,0.152,235.952,0.120,267.614,0.147,238.408,0.131,242.408,0.135,248.246,0.139,273.798,0.139,266.547,0.136,227.856,0.116,249.346,0.127,221.181,0.115,241.259,0.126,243.042,0.125,268.919,0.139,226.687,0.121,257.473,0.138,255.952,0.129,253.486,0.128,230.897,0.127,239.822,0.132,264.661,0.136,267.339,0.138,249.796,0.144,256.058,0.148,239.697,0.129,249.558,0.134,238.110,0.124,242.101,0.126,234.178,0.128,223.752,0.122,249.143,0.126,239.271,0.121,259.548,0.129,236.856,0.118,258.693,0.138,233.300,0.124,290.761,0.147,250.550,0.127,279.982,0.146,261.411,0.136,282.718,0.147,296.004,0.153,232.263,0.151,241.150,0.157,243.734,0.123,264.970,0.134,293.957,0.147,314.771,0.157,270.330,0.137,315.602,0.160,261.216,0.133,327.800,0.167,248.761,0.131,286.509,0.150,233.926,0.128,257.200,0.141,240.254,0.132,240.314,0.132,248.716,0.125,246.440,0.124,268.732,0.135,257.288,0.129,272.639,0.140,306.253,0.158
"정보","30대",397.555,0.201,399.515,0.202,423.764,0.216,424.311,0.217,386.177,0.212,403.170,0.222,368.252,0.206,344.869,0.192,431.961,0.220,381.559,0.194,442.165,0.225,373.741,0.190,411.036,0.214,401.839,0.209,437.595,0.226,413.981,0.214,379.819,0.203,370.873,0.199,460.799,0.232,413.756,0.208,430.932,0.237,390.817,0.215,505.435,0.260,385.293,0.198,424.734,0.245,319.313,0.184,386.860,0.208,379.167,0.204,420.578,0.219,404.545,0.210,346.727,0.189,351.528,0.192,387.241,0.195,372.085,0.187,385.077,0.192,380.881,0.190,347.188,0.185,377.749,0.201,339.072,0.171,384.671,0.195,376.564,0.196,365.404,0.190,447.715,0.232,435.628,0.226,371.349,0.241,338.750,0.220,406.243,0.205,403.478,0.204,439.238,0.219,446.980,0.223,410.046,0.208,454.835,0.231,430.862,0.219,451.318,0.230,426.393,0.224,408.436,0.214,429.946,0.235,382.598,0.209,413.560,0.227,385.766,0.212,418.845,0.210,418.231,0.210,464.809,0.233,421.875,0.212,490.864,0.253,414.372,0.213
"정보","40대",542.904,0.274,443.690,0.224,511.810,0.261,400.125,0.204,484.571,0.266,375.582,0.206,465.134,0.260,384.264,0.214,470.287,0.239,407.036,0.207,488.831,0.249,435.068,0.221,467.959,0.244,438.524,0.228,516.328,0.266,452.798,0.234,490.496,0.263,426.456,0.228,560.440,0.282,522.886,0.263,491.667,0.270,490.765,0.270,522.803,0.269,559.102,0.288,459.320,0.265,549.498,0.317,448.415,0.241,558.090,0.300,473.286,0.246,553.375,0.288,433.361,0.236,499.009,0.272,448.911,0.226,506.824,0.255,465.832,0.232,478.255,0.238,449.753,0.239,465.375,0.248,472.608,0.239,499.302,0.253,464.964,0.242,489.928,0.255,524.622,0.272,537.226,0.278,396.113,0.257,404.141,0.262,466.399,0.236,456.559,0.231,512.960,0.256,496.379,0.248,514.223,0.261,470.859,0.239,545.216,0.278,517.730,0.264,503.828,0.264,466.958,0.245,448.197,0.245,441.267,0.242,443.392,0.243,457.270,0.251,500.349,0.251,446.830,0.224,558.558,0.280,510.325,0.256,549.716,0.283,579.774,0.299
"정보","50대",579.013,0.293,773.595,0.391,559.918,0.286,734.568,0.375,581.805,0.320,705.883,0.388,549.772,0.307,675.236,0.377,561.442,0.286,736.887,0.375,534.461,0.272,729.479,0.371,524.168,0.273,728.287,0.379,554.107,0.286,753.418,0.389,539.219,0.289,698.847,0.374,597.508,0.301,824.369,0.415,570.340,0.314,772.491,0.425,673.473,0.347,853.244,0.439,646.658,0.373,792.921,0.458,613.811,0.330,791.020,0.426,591.467,0.308,817.736,0.425,561.556,0.306,735.312,0.401,620.932,0.313,781.277,0.394,625.110,0.311,808.731,0.403,630.040,0.335,776.265,0.413,653.461,0.331,820.181,0.415,639.607,0.333,845.187,0.441,739.251,0.383,951.954,0.493,596.462,0.387,770.039,0.500,657.916,0.333,841.201,0.425,753.672,0.376,936.565,0.467,729.286,0.370,893.212,0.453,773.579,0.394,929.863,0.474,796.193,0.418,932.520,0.489,770.547,0.422,923.247,0.506,723.386,0.397,906.316,0.498,734.363,0.368,929.593,0.466,831.570,0.418,961.827,0.483,848.375,0.437,1002.736,0.516
"정보","60세 이상",1262.788,0.638,1451.245,0.734,1252.304,0.639,1402.487,0.716,1156.178,0.635,1316.928,0.724,1095.903,0.612,1259.680,0.703,1223.978,0.623,1410.019,0.718,1164.535,0.592,1419.530,0.722,1175.813,0.613,1350.785,0.704,1225.269,0.632,1421.619,0.734,1173.776,0.629,1318.900,0.706,1296.632,0.653,1447.669,0.729,1203.678,0.662,1366.240,0.751,1414.240,0.728,1584.252,0.815,1234.318,0.712,1377.962,0.795,1219.736,0.656,1367.490,0.736,1221.226,0.635,1365.881,0.710,1167.758,0.637,1312.626,0.716,1262.917,0.636,1443.764,0.727,1278.120,0.637,1504.174,0.749,1244.652,0.662,1485.444,0.791,1234.409,0.624,1431.546,0.724,1223.660,0.638,1459.792,0.761,1363.371,0.707,1642.812,0.852,1177.951,0.765,1396.647,0.907,1349.128,0.682,1544.797,0.781,1515.548,0.756,1728.040,0.863,1426.112,0.724,1643.372,0.834,1430.976,0.729,1694.856,0.863,1425.910,0.748,1667.099,0.875,1370.072,0.750,1683.130,0.922,1347.879,0.740,1609.337,0.884,1431.506,0.718,1656.308,0.831,1472.068,0.739,1703.967,0.856,1474.831,0.759,1754.859,0.904
"드라마&영화","4-9세",111.099,0.352,161.425,0.512,109.053,0.347,164.989,0.525,100.582,0.342,147.998,0.503,97.380,0.327,161.352,0.542,125.597,0.385,168.014,0.515,129.679,0.399,156.228,0.481,129.068,0.469,160.140,0.582,170.648,0.488,188.840,0.540,134.125,0.449,151.940,0.509,144.537,0.491,147.227,0.500,175.557,0.520,186.915,0.554,162.217,0.412,198.665,0.504,169.043,0.506,198.130,0.593,128.155,0.450,154.660,0.543,167.320,0.498,181.254,0.539,184.467,0.507,166.117,0.457,150.429,0.458,176.133,0.536,148.968,0.447,184.589,0.553,167.508,0.494,168.012,0.495,219.482,0.666,265.615,0.806,227.102,0.658,296.315,0.859,269.749,0.753,328.516,0.917,165.921,0.608,171.933,0.630,201.512,0.451,308.385,0.691,291.840,0.626,309.250,0.664,273.047,0.779,281.415,0.803,306.009,0.869,358.165,1.017,345.023,0.974,393.368,1.110,263.765,0.965,305.835,1.119,217.297,0.666,240.869,0.739,260.941,0.733,304.977,0.856,289.260,0.760,341.252,0.897,238.752,0.773,271.678,0.880
"드라마&영화","10대",204.920,0.650,189.799,0.602,204.464,0.650,189.214,0.602,194.879,0.662,205.039,0.697,206.036,0.693,192.151,0.646,228.363,0.700,196.418,0.602,235.665,0.725,189.458,0.583,237.373,0.862,174.489,0.634,278.332,0.795,202.232,0.578,234.986,0.787,189.238,0.634,260.048,0.884,195.307,0.664,301.679,0.894,260.539,0.772,357.454,0.907,280.618,0.712,268.380,0.803,260.651,0.780,198.318,0.696,204.830,0.719,209.952,0.625,238.464,0.710,211.037,0.580,273.622,0.753,212.526,0.647,270.374,0.823,205.522,0.616,235.766,0.707,186.761,0.551,221.151,0.652,249.081,0.756,246.675,0.749,258.642,0.749,289.528,0.839,247.552,0.691,307.441,0.859,174.838,0.641,211.168,0.774,256.727,0.575,250.211,0.561,279.412,0.600,265.170,0.569,234.104,0.668,236.080,0.674,289.037,0.821,286.858,0.815,264.010,0.745,323.394,0.913,226.021,0.827,250.482,0.916,220.077,0.675,270.082,0.828,296.262,0.832,268.873,0.755,287.499,0.755,246.847,0.649,269.478,0.873,216.946,0.703
"드라마&영화","20대",202.070,0.641,173.458,0.550,192.728,0.613,182.570,0.581,163.074,0.554,183.087,0.622,190.968,0.642,172.318,0.579,214.768,0.658,182.282,0.559,206.390,0.635,181.922,0.560,182.587,0.663,178.352,0.648,206.009,0.589,212.357,0.607,186.994,0.626,176.536,0.591,182.632,0.621,163.353,0.555,225.586,0.668,214.278,0.635,236.090,0.599,235.451,0.597,208.141,0.623,232.191,0.695,157.006,0.551,202.529,0.711,205.637,0.612,209.304,0.623,217.156,0.597,232.317,0.639,213.250,0.649,247.953,0.754,236.329,0.709,251.918,0.755,213.987,0.631,210.144,0.620,234.913,0.713,228.277,0.693,247.039,0.716,258.711,0.750,267.419,0.747,298.321,0.833,174.214,0.639,187.365,0.687,230.772,0.517,301.475,0.675,280.698,0.602,329.483,0.707,204.607,0.584,272.687,0.778,235.012,0.668,359.574,1.021,261.989,0.739,357.612,1.009,219.896,0.804,298.610,1.092,227.354,0.697,304.488,0.934,251.271,0.705,288.266,0.809,293.057,0.770,309.541,0.813,245.029,0.793,283.023,0.916
"드라마&영화","30대",275.765,0.874,249.291,0.790,296.507,0.943,283.808,0.903,253.428,0.861,228.513,0.776,235.009,0.790,218.839,0.736,268.385,0.823,264.994,0.812,309.033,0.951,284.317,0.875,282.191,1.025,256.113,0.931,298.250,0.852,312.563,0.893,235.162,0.788,258.848,0.867,226.358,0.769,289.144,0.983,277.627,0.823,338.583,1.003,319.560,0.811,377.843,0.959,277.942,0.831,320.507,0.959,213.263,0.749,292.339,1.027,240.665,0.716,343.976,1.024,278.619,0.766,350.207,0.963,295.876,0.900,335.097,1.019,286.553,0.859,360.556,1.081,235.930,0.696,328.088,0.967,263.010,0.798,362.976,1.101,275.574,0.799,364.738,1.057,319.781,0.893,459.159,1.282,192.808,0.707,277.935,1.019,269.886,0.605,409.992,0.919,332.870,0.714,440.336,0.945,246.040,0.702,356.171,1.017,320.961,0.912,454.394,1.291,326.920,0.923,443.273,1.251,251.992,0.922,358.404,1.311,258.472,0.793,361.642,1.109,289.942,0.814,399.134,1.121,324.696,0.853,441.059,1.159,302.609,0.980,379.944,1.230
"드라마&영화","40대",340.150,1.079,348.897,1.106,335.046,1.066,334.427,1.064,327.007,1.111,331.920,1.128,303.895,1.022,343.007,1.153,341.420,1.046,382.358,1.172,381.943,1.175,422.092,1.299,336.475,1.223,378.342,1.375,371.528,1.062,454.172,1.298,357.637,1.198,392.980,1.316,378.742,1.287,397.286,1.350,441.853,1.309,505.014,1.496,472.258,1.198,595.838,1.512,431.795,1.292,559.161,1.673,344.663,1.210,472.217,1.658,415.509,1.236,515.965,1.535,438.471,1.206,545.188,1.500,405.417,1.233,508.996,1.548,390.896,1.172,524.010,1.571,368.253,1.086,484.278,1.428,418.569,1.270,548.947,1.666,431.168,1.249,540.896,1.567,454.582,1.269,610.583,1.705,275.280,1.009,379.680,1.392,445.056,0.997,556.840,1.248,483.533,1.038,649.990,1.395,386.715,1.104,534.942,1.527,500.620,1.422,695.968,1.977,531.413,1.500,692.097,1.953,398.953,1.460,563.564,2.062,444.403,1.363,611.669,1.876,442.040,1.241,633.407,1.778,536.348,1.409,687.130,1.806,454.092,1.470,616.174,1.995
"드라마&영화","50대",429.489,1.362,626.919,1.988,441.512,1.405,574.483,1.828,423.519,1.439,536.572,1.823,461.683,1.552,565.739,1.902,463.162,1.419,611.410,1.874,465.309,1.432,688.610,2.119,414.953,1.508,642.206,2.333,527.752,1.508,751.144,2.147,465.267,1.558,655.159,2.194,446.365,1.517,670.007,2.277,555.630,1.646,801.383,2.374,653.663,1.658,884.033,2.243,549.801,1.645,797.575,2.386,457.838,1.608,691.472,2.428,521.694,1.552,811.097,2.414,601.516,1.654,882.923,2.428,606.690,1.846,852.218,2.593,576.402,1.728,866.440,2.598,531.482,1.567,762.037,2.247,579.807,1.759,825.425,2.505,593.946,1.721,854.972,2.477,700.150,1.955,982.317,2.743,432.539,1.585,557.340,2.043,675.870,1.514,944.953,2.117,706.154,1.515,981.784,2.107,572.171,1.633,803.341,2.293,740.664,2.104,997.387,2.833,750.958,2.120,978.952,2.763,585.073,2.140,789.902,2.890,582.820,1.788,780.319,2.393,638.308,1.792,861.919,2.420,763.847,2.007,930.709,2.446,628.299,2.035,803.518,2.602
"드라마&영화","60세 이상",565.925,1.794,710.258,2.252,532.913,1.695,663.423,2.111,451.520,1.534,569.383,1.935,435.873,1.465,582.321,1.958,524.577,1.608,708.323,2.171,543.662,1.673,744.238,2.290,501.862,1.823,647.893,2.354,584.170,1.670,768.492,2.196,566.800,1.898,737.163,2.469,573.736,1.950,725.065,2.464,688.988,2.041,860.941,2.551,766.478,1.944,917.342,2.327,647.807,1.938,789.268,2.361,565.722,1.987,699.972,2.458,620.340,1.846,772.257,2.298,723.247,1.989,886.302,2.438,707.228,2.152,867.303,2.639,677.338,2.031,853.713,2.560,629.187,1.855,768.907,2.267,664.909,2.018,795.852,2.415,726.163,2.104,860.375,2.493,807.649,2.255,965.501,2.696,453.335,1.662,533.283,1.955,809.133,1.813,927.774,2.079,912.847,1.959,1055.421,2.265,739.048,2.109,861.530,2.459,817.935,2.323,989.658,2.811,778.416,2.197,940.391,2.654,651.995,2.385,805.721,2.948,631.280,1.936,770.861,2.364,797.682,2.239,957.343,2.688,834.519,2.193,990.878,2.604,695.325,2.252,859.091,2.782
"오락","4-9세",434.696,0.270,619.038,0.384,294.232,0.209,521.659,0.370,311.975,0.226,459.979,0.333,295.710,0.221,490.452,0.366,353.121,0.253,486.967,0.348,418.988,0.278,575.607,0.382,426.258,0.288,499.581,0.338,431.542,0.297,571.733,0.393,437.012,0.296,580.733,0.393,474.886,0.318,494.374,0.331,398.087,0.303,490.134,0.373,459.213,0.302,577.216,0.380,358.771,0.273,482.359,0.368,341.701,0.262,457.497,0.350,454.388,0.303,513.976,0.343,496.926,0.345,523.389,0.363,483.558,0.323,502.796,0.336,509.778,0.335,611.557,0.402,427.582,0.313,496.714,0.364,521.429,0.365,641.406,0.449,636.032,0.469,653.811,0.482,614.397,0.476,697.947,0.541,485.915,0.437,510.388,0.459,440.802,0.331,655.752,0.492,553.557,0.422,618.679,0.471,580.132,0.437,665.212,0.501,697.098,0.479,788.825,0.542,692.534,0.486,730.835,0.513,694.486,0.499,800.192,0.575,552.563,0.427,642.032,0.496,542.743,0.418,612.695,0.471,681.135,0.473,854.333,0.593,604.220,0.451,764.734,0.570
"오락","10대",662.948,0.412,648.701,0.403,492.054,0.349,559.031,0.396,507.532,0.367,563.708,0.408,457.818,0.342,492.907,0.368,505.154,0.361,514.223,0.368,591.700,0.393,578.220,0.384,590.903,0.399,555.311,0.375,532.215,0.366,494.159,0.340,545.584,0.370,526.567,0.357,648.864,0.435,552.679,0.370,574.728,0.438,496.136,0.378,689.211,0.453,561.129,0.369,524.996,0.400,525.876,0.401,432.772,0.331,455.339,0.349,453.424,0.302,521.402,0.348,415.318,0.288,534.911,0.371,434.324,0.290,502.279,0.335,392.290,0.258,471.572,0.310,336.132,0.246,438.596,0.321,484.676,0.339,523.668,0.367,522.356,0.385,554.021,0.409,468.149,0.363,568.157,0.440,440.337,0.396,494.009,0.444,491.279,0.369,528.826,0.397,478.119,0.364,521.315,0.397,455.979,0.343,483.427,0.364,548.260,0.377,563.766,0.388,493.632,0.347,552.573,0.388,549.559,0.395,564.955,0.406,475.087,0.367,536.388,0.415,546.114,0.420,484.382,0.373,658.468,0.457,635.415,0.441,578.620,0.431,548.285,0.409
"오락","20대",575.982,0.358,536.062,0.333,478.702,0.340,428.417,0.304,422.249,0.306,415.232,0.301,401.238,0.300,419.142,0.313,421.392,0.301,458.519,0.328,446.913,0.297,501.580,0.333,416.814,0.282,474.003,0.320,423.500,0.291,448.072,0.308,422.665,0.286,471.533,0.319,457.974,0.307,438.056,0.294,453.504,0.345,436.296,0.332,570.372,0.375,549.173,0.361,452.252,0.345,484.692,0.369,368.621,0.282,406.923,0.312,425.420,0.284,445.280,0.297,451.028,0.313,470.303,0.326,412.670,0.275,489.912,0.327,497.865,0.327,516.568,0.339,413.001,0.302,414.370,0.303,451.188,0.316,496.033,0.347,444.485,0.328,525.778,0.388,443.125,0.343,540.396,0.419,376.349,0.339,502.147,0.452,410.651,0.308,610.218,0.458,463.509,0.353,662.787,0.505,416.584,0.314,641.719,0.483,458.896,0.316,766.947,0.527,477.954,0.336,734.437,0.516,541.342,0.389,767.694,0.552,483.079,0.373,639.559,0.494,494.328,0.380,633.946,0.488,589.490,0.409,760.083,0.528,535.272,0.399,770.681,0.575
"오락","30대",754.363,0.468,975.966,0.606,634.173,0.450,796.061,0.565,596.731,0.432,766.519,0.555,549.464,0.410,668.752,0.499,606.854,0.434,717.309,0.513,727.223,0.483,888.071,0.589,689.989,0.466,894.661,0.605,672.999,0.463,860.380,0.592,640.828,0.434,858.853,0.582,653.703,0.438,891.112,0.597,627.393,0.478,787.575,0.600,834.544,0.549,945.347,0.622,671.313,0.512,721.531,0.550,556.495,0.426,661.435,0.507,628.481,0.419,806.405,0.538,644.937,0.447,783.803,0.544,691.027,0.461,805.118,0.537,746.243,0.490,863.499,0.567,562.815,0.412,731.568,0.536,604.770,0.424,804.863,0.564,609.505,0.450,789.931,0.583,657.217,0.509,859.886,0.666,543.835,0.489,757.670,0.682,643.037,0.482,822.625,0.617,687.095,0.523,918.350,0.699,681.779,0.514,914.144,0.689,769.306,0.529,1016.859,0.699,734.873,0.516,920.895,0.647,773.661,0.556,1003.603,0.721,708.734,0.548,901.604,0.697,730.833,0.562,940.823,0.724,892.705,0.620,1168.330,0.811,843.015,0.629,1051.112,0.784
"오락","40대",1252.065,0.777,1260.735,0.783,990.284,0.702,1029.555,0.730,955.247,0.691,985.921,0.714,861.455,0.643,866.272,0.647,885.538,0.634,940.668,0.673,1128.291,0.749,1133.244,0.752,1086.317,0.734,1070.765,0.724,1063.937,0.732,1055.489,0.726,1094.590,0.742,1145.627,0.776,1101.361,0.738,1220.348,0.818,991.025,0.755,1110.477,0.846,1214.482,0.799,1402.780,0.923,974.124,0.742,1216.435,0.927,880.607,0.674,1082.366,0.829,1070.471,0.714,1301.499,0.868,1002.940,0.696,1263.612,0.877,998.499,0.666,1263.319,0.843,1041.777,0.685,1330.148,0.874,931.859,0.682,1118.983,0.819,1064.873,0.746,1246.205,0.873,991.726,0.732,1229.674,0.907,1022.814,0.793,1237.441,0.959,809.269,0.728,1031.770,0.928,933.893,0.701,1176.002,0.882,1013.562,0.772,1264.846,0.963,947.221,0.714,1163.861,0.877,1134.513,0.780,1380.320,0.949,1122.887,0.789,1253.782,0.881,1159.200,0.833,1439.657,1.035,1024.400,0.792,1268.078,0.980,1088.551,0.837,1243.169,0.956,1354.796,0.940,1567.646,1.088,1266.869,0.945,1520.335,1.134
"오락","50대",1195.330,0.742,1613.196,1.001,1008.781,0.715,1282.957,0.910,967.726,0.700,1231.810,0.892,893.526,0.667,1156.998,0.864,951.794,0.681,1231.018,0.881,1078.097,0.715,1451.805,0.963,1034.076,0.699,1436.003,0.971,1066.125,0.733,1394.976,0.959,1083.882,0.734,1378.771,0.934,1082.321,0.725,1473.502,0.987,1028.545,0.783,1416.302,1.079,1353.564,0.890,1818.642,1.196,1078.061,0.822,1397.951,1.065,930.504,0.713,1186.265,0.909,1090.077,0.727,1466.716,0.978,1108.491,0.769,1493.584,1.036,1062.994,0.709,1460.007,0.974,1160.128,0.762,1550.923,1.019,1003.752,0.735,1355.342,0.992,1128.055,0.790,1535.950,1.076,1100.748,0.812,1482.161,1.094,1139.543,0.883,1526.030,1.183,973.372,0.876,1278.082,1.150,1208.994,0.907,1562.118,1.172,1271.505,0.968,1580.669,1.204,1190.605,0.897,1475.548,1.112,1346.897,0.926,1644.033,1.130,1357.007,0.953,1664.104,1.169,1435.912,1.032,1715.858,1.233,1247.984,0.965,1556.687,1.203,1245.798,0.958,1581.685,1.217,1568.146,1.088,1883.955,1.308,1404.917,1.047,1720.339,1.283
"오락","60세 이상",1620.752,1.006,1893.605,1.176,1268.341,0.900,1481.224,1.051,1213.675,0.878,1435.639,1.039,1135.226,0.848,1392.581,1.040,1208.772,0.865,1518.894,1.087,1314.090,0.872,1614.312,1.071,1300.215,0.879,1573.873,1.064,1338.814,0.921,1667.341,1.147,1332.981,0.903,1637.443,1.109,1423.351,0.954,1739.209,1.166,1385.407,1.055,1698.959,1.294,1776.776,1.169,2157.022,1.419,1364.809,1.040,1607.751,1.225,1147.921,0.879,1323.477,1.014,1336.959,0.892,1535.106,1.024,1356.384,0.941,1575.202,1.093,1337.360,0.892,1526.872,1.019,1408.752,0.926,1658.637,1.090,1231.547,0.902,1482.113,1.085,1340.934,0.939,1567.442,1.098,1195.154,0.882,1427.003,1.053,1286.887,0.997,1544.459,1.197,1171.693,1.054,1345.847,1.211,1414.767,1.061,1598.909,1.199,1444.676,1.100,1713.473,1.305,1356.889,1.022,1614.266,1.216,1485.819,1.022,1844.769,1.268,1511.733,1.062,1828.174,1.284,1476.919,1.061,1841.453,1.323,1355.780,1.048,1710.092,1.322,1415.652,1.089,1752.452,1.348,1704.816,1.183,2104.884,1.461,1493.145,1.113,1952.782,1.456
"스포츠","4-9세",5.102,0.182,0.992,0.035,48.021,0.692,34.457,0.497,196.917,0.603,165.367,0.506,135.045,0.472,115.416,0.403,8.195,0.206,5.997,0.151,7.544,0.113,6.373,0.096,30.203,0.317,22.418,0.235,13.121,0.173,11.092,0.146,22.656,0.305,9.691,0.131,55.690,0.641,50.196,0.578,4.241,0.131,8.413,0.260,4.533,0.201,5.207,0.231,91.478,0.584,74.187,0.473,130.146,0.582,147.556,0.660,32.255,0.545,31.386,0.530,6.451,0.190,8.070,0.238,3.712,0.094,8.429,0.213,7.762,0.178,8.544,0.196,22.724,0.411,22.369,0.405,4.590,0.119,13.181,0.341,12.037,0.258,13.532,0.290,18.126,0.352,21.692,0.421,400.106,1.186,499.737,1.481,8.086,0.211,12.622,0.329,3.083,0.097,6.500,0.204,45.101,0.659,82.862,1.211,13.416,0.273,19.726,0.401,23.126,0.465,29.111,0.586,274.589,0.934,319.009,1.085,397.969,1.161,431.092,1.258,14.103,0.214,17.124,0.260,9.972,0.230,15.409,0.355,12.655,0.225,18.490,0.329
"스포츠","10대",7.916,0.283,3.984,0.142,52.439,0.756,52.121,0.751,269.749,0.826,246.499,0.755,182.956,0.639,178.261,0.623,8.450,0.213,6.276,0.158,13.806,0.207,10.203,0.153,30.083,0.316,28.470,0.299,14.952,0.197,15.206,0.200,11.306,0.152,11.675,0.157,49.081,0.565,37.493,0.432,5.375,0.166,3.327,0.103,2.982,0.132,2.486,0.110,98.699,0.630,87.601,0.559,175.677,0.786,165.353,0.740,24.889,0.421,23.657,0.400,9.586,0.282,13.445,0.396,2.462,0.062,2.874,0.072,4.063,0.093,6.592,0.151,16.426,0.297,23.372,0.423,3.347,0.087,6.770,0.175,6.823,0.146,8.676,0.186,17.424,0.338,18.438,0.358,282.776,0.838,396.221,1.174,9.597,0.250,10.338,0.270,2.738,0.086,2.502,0.078,28.042,0.410,28.501,0.417,12.301,0.250,10.981,0.223,17.493,0.352,17.800,0.358,188.169,0.640,204.070,0.694,266.451,0.778,347.089,1.013,15.249,0.232,9.091,0.138,8.785,0.203,4.702,0.108,12.240,0.218,8.513,0.152
"스포츠","20대",2.799,0.100,6.592,0.236,57.556,0.830,42.137,0.607,249.035,0.763,202.105,0.619,175.269,0.612,164.168,0.573,7.190,0.181,8.163,0.205,9.484,0.142,9.617,0.144,30.893,0.324,24.253,0.254,13.224,0.174,16.343,0.215,8.843,0.119,9.634,0.130,54.761,0.631,44.403,0.511,4.821,0.149,5.304,0.164,3.766,0.167,3.927,0.174,128.359,0.819,93.802,0.598,173.383,0.776,188.495,0.843,18.893,0.319,16.220,0.274,11.713,0.345,11.466,0.338,3.787,0.096,6.433,0.162,8.459,0.194,10.115,0.232,31.811,0.576,22.132,0.401,4.535,0.117,6.794,0.176,6.625,0.142,5.404,0.116,15.625,0.303,18.701,0.363,259.004,0.768,395.139,1.171,7.037,0.184,11.506,0.300,2.877,0.090,3.387,0.106,43.107,0.630,51.488,0.753,18.327,0.373,16.837,0.343,16.694,0.336,18.341,0.369,220.828,0.751,299.173,1.017,299.606,0.874,392.240,1.145,17.421,0.265,17.973,0.273,11.466,0.264,9.610,0.222,15.440,0.275,12.375,0.220
"스포츠","30대",7.797,0.279,5.079,0.182,68.207,0.983,69.993,1.009,301.456,0.923,305.670,0.936,228.555,0.798,217.258,0.759,15.152,0.381,9.927,0.250,19.319,0.290,14.480,0.217,37.545,0.394,42.429,0.445,25.164,0.331,20.634,0.271,22.363,0.301,16.916,0.228,58.513,0.674,60.035,0.691,7.357,0.227,7.282,0.225,5.311,0.236,4.808,0.213,147.766,0.943,148.570,0.948,251.386,1.125,234.553,1.049,28.989,0.490,28.185,0.476,15.157,0.446,11.383,0.335,6.740,0.170,6.593,0.166,13.351,0.306,10.962,0.251,35.246,0.638,26.042,0.472,11.148,0.289,9.198,0.238,17.898,0.384,13.162,0.282,22.147,0.430,15.208,0.295,392.053,1.162,535.292,1.586,13.963,0.364,14.117,0.368,4.860,0.152,5.043,0.158,49.468,0.723,57.297,0.837,24.621,0.501,25.201,0.513,26.575,0.535,29.485,0.593,339.352,1.154,391.229,1.330,434.594,1.268,528.961,1.544,29.345,0.446,22.725,0.345,19.941,0.460,17.667,0.407,26.077,0.464,22.108,0.394
"스포츠","40대",11.735,0.420,11.653,0.417,107.792,1.554,79.047,1.140,452.412,1.385,346.269,1.060,303.242,1.059,250.382,0.874,16.286,0.410,12.015,0.302,20.411,0.306,15.117,0.227,59.838,0.628,46.306,0.486,32.277,0.425,23.696,0.312,31.019,0.418,22.442,0.302,90.652,1.044,86.303,0.994,8.498,0.263,8.588,0.265,7.301,0.324,6.907,0.306,193.690,1.236,212.542,1.356,408.147,1.826,386.609,1.729,44.029,0.744,42.271,0.714,23.992,0.706,23.039,0.678,12.070,0.305,9.027,0.228,21.452,0.491,17.032,0.390,49.459,0.896,43.112,0.781,19.035,0.493,15.546,0.402,27.000,0.579,21.303,0.457,41.199,0.800,36.064,0.700,595.827,1.766,713.623,2.115,20.605,0.538,23.700,0.618,7.041,0.221,5.594,0.175,111.402,1.628,87.367,1.277,35.033,0.713,30.414,0.619,47.246,0.951,38.634,0.777,465.237,1.582,473.254,1.609,581.435,1.697,631.404,1.843,44.481,0.675,27.142,0.412,28.942,0.667,20.409,0.471,35.165,0.626,28.790,0.513
"스포츠","50대",12.586,0.450,10.926,0.391,122.600,1.767,113.367,1.634,513.284,1.572,607.247,1.859,374.821,1.309,445.210,1.555,23.548,0.593,21.185,0.533,21.753,0.326,27.665,0.415,73.544,0.772,68.248,0.716,36.378,0.478,37.532,0.494,29.127,0.393,24.282,0.327,99.687,1.148,100.085,1.152,10.541,0.326,9.950,0.308,8.441,0.375,8.169,0.362,248.350,1.584,233.557,1.490,426.456,1.908,396.596,1.774,62.994,1.065,62.802,1.061,30.144,0.888,29.080,0.856,10.491,0.265,11.575,0.292,23.795,0.545,24.812,0.568,62.400,1.130,58.901,1.066,16.568,0.429,16.423,0.425,22.819,0.489,19.102,0.410,48.262,0.937,39.716,0.771,779.471,2.310,775.991,2.300,24.008,0.627,24.103,0.629,8.554,0.268,6.294,0.197,154.794,2.262,122.992,1.798,43.625,0.888,37.003,0.753,43.430,0.874,37.296,0.750,660.793,2.247,600.576,2.042,808.365,2.359,758.422,2.213,44.093,0.669,37.424,0.568,32.981,0.761,23.324,0.538,40.615,0.723,32.761,0.583
"스포츠","60세 이상",13.440,0.480,13.823,0.494,149.780,2.159,115.022,1.658,766.467,2.347,664.590,2.035,583.362,2.037,533.007,1.861,23.452,0.590,24.147,0.608,36.342,0.545,33.407,0.501,96.662,1.014,75.930,0.797,49.399,0.650,43.992,0.579,37.570,0.506,34.649,0.467,126.487,1.456,108.060,1.244,13.255,0.410,12.653,0.391,15.395,0.683,16.883,0.749,240.228,1.532,202.516,1.292,451.310,2.019,393.320,1.759,83.625,1.413,73.771,1.247,46.193,1.360,42.834,1.261,15.391,0.388,16.004,0.404,32.392,0.741,29.120,0.667,74.240,1.344,64.214,1.163,23.571,0.610,22.839,0.591,34.153,0.732,30.414,0.652,47.264,0.918,39.957,0.776,824.714,2.444,838.403,2.485,27.157,0.709,20.349,0.531,9.444,0.296,8.315,0.260,146.050,2.135,110.564,1.616,35.441,0.721,32.757,0.666,43.938,0.884,42.462,0.854,797.839,2.713,794.791,2.703,974.521,2.844,952.282,2.779,50.034,0.760,41.997,0.638,34.927,0.806,29.946,0.691,47.918,0.853,42.718,0.761
"교육","4-9세",7.440,0.089,3.494,0.042,6.799,0.075,2.801,0.031,10.461,0.138,7.604,0.100,8.476,0.118,6.296,0.088,11.451,0.169,4.445,0.066,11.457,0.132,6.947,0.080,12.293,0.125,7.970,0.081,11.616,0.094,7.714,0.062,8.629,0.072,8.581,0.071,9.161,0.094,6.354,0.065,8.289,0.092,8.181,0.091,8.251,0.084,9.484,0.097,4.911,0.062,6.963,0.087,9.958,0.115,4.233,0.049,7.481,0.087,4.145,0.048,6.599,0.075,4.174,0.047,8.881,0.093,4.269,0.045,10.095,0.099,9.655,0.095,10.396,0.103,8.292,0.082,11.959,0.117,8.996,0.088,15.863,0.162,10.855,0.111,22.077,0.202,13.054,0.119,13.819,0.169,6.928,0.085,11.562,0.087,16.787,0.126,15.110,0.112,14.219,0.105,14.768,0.103,12.393,0.086,17.853,0.127,15.017,0.107,16.797,0.128,11.450,0.087,19.714,0.178,10.853,0.098,22.957,0.185,14.437,0.116,25.407,0.200,11.189,0.088,20.710,0.165,9.967,0.079,27.450,0.227,13.566,0.112
"교육","10대",7.418,0.089,5.757,0.069,8.086,0.089,8.544,0.094,5.927,0.078,7.262,0.096,5.726,0.080,5.864,0.082,5.527,0.082,3.289,0.049,4.786,0.055,6.012,0.069,5.165,0.052,5.551,0.056,4.282,0.035,5.874,0.048,6.706,0.056,4.907,0.041,5.031,0.052,5.734,0.059,5.738,0.064,4.418,0.049,6.044,0.062,6.077,0.062,8.797,0.110,5.209,0.065,5.834,0.067,5.377,0.062,4.304,0.050,5.087,0.059,3.268,0.037,5.878,0.066,2.877,0.030,4.006,0.042,3.543,0.035,3.043,0.030,4.096,0.041,4.464,0.044,5.193,0.051,4.569,0.045,5.832,0.060,6.129,0.063,6.962,0.064,8.051,0.074,2.417,0.030,6.419,0.079,6.924,0.052,7.357,0.055,4.937,0.037,4.121,0.030,6.662,0.046,5.348,0.037,7.986,0.057,4.224,0.030,5.350,0.041,3.310,0.025,5.981,0.054,3.913,0.035,7.222,0.058,5.077,0.041,6.378,0.050,6.140,0.048,6.706,0.053,7.535,0.060,6.964,0.058,6.443,0.053
"교육","20대",6.346,0.076,5.040,0.061,4.436,0.049,4.403,0.048,4.449,0.059,4.876,0.064,3.930,0.055,3.355,0.047,3.845,0.057,3.237,0.048,5.011,0.058,3.489,0.040,2.873,0.029,5.239,0.053,4.699,0.038,5.163,0.042,4.497,0.037,5.327,0.044,5.231,0.054,5.026,0.051,5.103,0.057,4.783,0.053,6.801,0.069,6.343,0.065,5.002,0.063,5.849,0.073,4.981,0.057,4.576,0.053,3.399,0.039,4.513,0.052,3.333,0.038,5.017,0.057,3.154,0.033,3.184,0.033,5.777,0.057,5.117,0.050,3.619,0.036,3.833,0.038,3.867,0.038,4.068,0.040,5.112,0.052,5.264,0.054,6.108,0.056,7.253,0.066,3.604,0.044,4.027,0.049,7.222,0.054,7.458,0.056,4.600,0.034,5.083,0.038,3.991,0.028,5.075,0.035,3.981,0.028,5.469,0.039,3.519,0.027,6.387,0.049,3.243,0.029,5.101,0.046,5.418,0.044,4.335,0.035,3.264,0.026,3.991,0.031,4.945,0.039,6.248,0.050,3.286,0.027,3.977,0.033
"교육","30대",7.377,0.089,6.130,0.074,7.837,0.086,9.055,0.099,8.613,0.113,8.697,0.115,6.371,0.089,8.659,0.121,7.054,0.104,6.444,0.095,8.106,0.093,7.827,0.090,6.862,0.070,9.653,0.098,8.739,0.071,9.667,0.078,8.543,0.071,10.020,0.083,7.980,0.082,7.859,0.081,8.313,0.092,8.936,0.099,10.025,0.102,10.071,0.103,7.830,0.098,6.117,0.077,7.467,0.086,8.018,0.092,7.094,0.082,7.038,0.082,7.625,0.086,6.631,0.075,7.458,0.078,6.220,0.065,8.974,0.088,6.918,0.068,7.136,0.071,6.417,0.064,6.546,0.064,6.994,0.068,7.650,0.078,6.591,0.067,10.927,0.100,12.160,0.111,7.105,0.087,7.827,0.096,11.959,0.090,11.289,0.085,8.010,0.059,7.500,0.055,8.003,0.056,11.043,0.077,8.530,0.061,12.259,0.087,6.644,0.051,8.637,0.066,7.078,0.064,7.739,0.070,7.914,0.064,9.284,0.075,7.394,0.058,8.369,0.066,12.747,0.101,10.943,0.087,9.179,0.076,9.611,0.079
"교육","40대",7.723,0.093,10.474,0.126,10.099,0.111,7.941,0.087,7.510,0.099,7.998,0.105,6.793,0.095,7.888,0.110,5.797,0.086,7.610,0.113,7.416,0.085,11.166,0.129,7.730,0.078,9.780,0.099,10.032,0.081,10.354,0.084,11.348,0.094,10.661,0.089,10.306,0.106,10.509,0.108,9.066,0.101,12.720,0.141,10.106,0.103,13.364,0.136,10.482,0.131,15.279,0.191,8.743,0.101,11.243,0.130,7.421,0.086,10.259,0.119,9.267,0.105,12.670,0.143,7.539,0.079,8.873,0.093,8.101,0.079,14.122,0.138,8.846,0.088,10.672,0.106,9.141,0.089,11.322,0.110,10.021,0.102,12.590,0.129,14.286,0.131,16.645,0.152,10.469,0.128,9.357,0.115,17.114,0.129,17.028,0.128,8.489,0.063,11.322,0.084,8.761,0.061,12.994,0.090,14.170,0.101,12.618,0.090,9.352,0.071,9.543,0.073,9.424,0.085,9.447,0.086,13.009,0.105,11.080,0.089,12.405,0.097,10.648,0.084,18.602,0.148,12.457,0.099,11.633,0.096,11.476,0.095
"교육","50대",12.764,0.153,13.692,0.164,11.690,0.128,13.676,0.150,12.075,0.159,12.070,0.159,10.347,0.145,11.597,0.162,9.060,0.134,9.444,0.140,11.121,0.128,13.572,0.156,10.753,0.109,14.423,0.146,12.933,0.105,15.203,0.123,15.168,0.126,14.489,0.120,12.063,0.124,14.513,0.149,14.041,0.156,15.168,0.168,16.419,0.167,19.356,0.197,15.749,0.197,16.017,0.201,14.539,0.168,12.684,0.146,11.529,0.134,11.287,0.131,13.219,0.149,16.161,0.183,9.014,0.094,8.953,0.094,12.433,0.122,12.425,0.122,10.514,0.105,11.654,0.116,9.822,0.096,11.646,0.114,11.878,0.121,12.027,0.123,16.797,0.153,21.302,0.195,9.956,0.122,11.176,0.137,18.611,0.140,21.397,0.161,12.480,0.092,13.594,0.101,13.467,0.094,13.604,0.095,13.862,0.099,14.104,0.101,12.457,0.095,11.912,0.091,11.425,0.103,11.507,0.104,13.122,0.105,14.493,0.116,10.511,0.083,11.898,0.093,17.223,0.137,18.349,0.146,12.128,0.100,11.258,0.093
"교육","60세 이상",15.809,0.190,17.337,0.208,15.957,0.175,17.585,0.193,15.832,0.209,17.350,0.229,14.235,0.199,15.960,0.223,12.120,0.179,13.633,0.202,14.485,0.167,14.876,0.171,15.219,0.154,15.831,0.160,17.802,0.144,18.341,0.148,18.023,0.150,17.682,0.147,17.491,0.179,17.447,0.179,16.396,0.182,17.567,0.195,21.108,0.215,20.886,0.213,17.269,0.216,17.749,0.222,16.770,0.193,17.315,0.200,15.337,0.178,16.163,0.188,21.404,0.242,23.121,0.261,12.721,0.133,13.470,0.141,17.484,0.171,18.001,0.176,15.482,0.154,16.372,0.163,15.181,0.148,14.735,0.144,15.244,0.156,16.170,0.165,24.624,0.225,25.380,0.232,14.638,0.179,15.716,0.193,28.688,0.216,30.006,0.226,18.707,0.138,17.859,0.132,19.344,0.135,19.553,0.136,17.912,0.128,20.192,0.144,15.676,0.120,17.217,0.131,15.984,0.145,18.779,0.170,19.493,0.157,21.703,0.174,17.040,0.134,18.477,0.145,26.881,0.214,27.322,0.217,16.414,0.136,19.246,0.159
"어린이(유아)","4-9세",37.052,0.186,32.651,0.164,55.221,0.310,31.711,0.178,47.565,0.284,32.784,0.196,45.779,0.322,32.978,0.232,54.724,0.335,35.867,0.220,64.182,0.380,40.820,0.242,46.935,0.274,49.744,0.291,51.966,0.287,49.534,0.273,46.416,0.285,44.179,0.271,63.364,0.323,57.279,0.292,74.304,0.388,68.115,0.355,85.880,0.429,72.529,0.363,69.645,0.413,64.272,0.381,88.625,0.478,70.675,0.381,85.112,0.438,63.349,0.326,94.613,0.501,63.023,0.334,85.624,0.440,62.576,0.321,94.546,0.523,63.747,0.352,100.334,0.565,71.004,0.400,138.566,0.748,90.974,0.491,149.268,0.815,97.367,0.532,171.541,0.946,91.946,0.507,114.671,0.717,58.389,0.365,82.420,0.450,66.592,0.363,151.290,0.722,80.535,0.384,148.624,0.750,84.870,0.429,140.291,0.740,90.167,0.476,148.735,0.818,80.533,0.443,165.118,0.862,98.747,0.516,166.969,0.941,104.687,0.590,186.713,0.986,91.538,0.484,193.873,0.977,100.643,0.507,201.824,1.049,105.568,0.549
"어린이(유아)","10대",14.670,0.074,11.151,0.056,13.134,0.074,15.075,0.085,13.300,0.079,13.632,0.081,12.584,0.088,10.857,0.076,15.332,0.094,11.358,0.070,17.002,0.101,11.607,0.069,14.708,0.086,16.119,0.094,20.723,0.114,20.655,0.114,22.187,0.136,16.855,0.103,20.768,0.106,29.121,0.148,34.485,0.180,26.214,0.137,28.569,0.143,31.818,0.159,27.489,0.163,19.721,0.117,24.428,0.132,22.505,0.121,30.627,0.158,18.875,0.097,16.374,0.087,17.537,0.093,15.457,0.079,13.596,0.070,15.605,0.086,11.783,0.065,21.509,0.121,15.798,0.089,16.344,0.088,20.070,0.108,14.073,0.077,22.680,0.124,17.175,0.095,19.519,0.108,18.343,0.115,19.812,0.124,12.939,0.071,22.849,0.125,23.081,0.110,13.617,0.065,19.305,0.097,13.194,0.067,21.785,0.115,11.702,0.062,21.832,0.120,14.413,0.079,24.432,0.128,19.352,0.101,25.794,0.145,30.607,0.172,24.320,0.128,18.072,0.095,23.732,0.120,18.592,0.094,18.697,0.097,16.148,0.084
"어린이(유아)","20대",5.015,0.025,4.694,0.024,5.538,0.031,5.614,0.031,5.960,0.036,4.933,0.029,4.268,0.030,5.535,0.039,7.277,0.045,7.306,0.045,8.021,0.047,6.355,0.038,5.022,0.029,5.760,0.034,8.486,0.047,14.056,0.078,5.763,0.035,7.781,0.048,6.721,0.034,9.275,0.047,4.658,0.024,8.241,0.043,6.085,0.030,7.186,0.036,5.426,0.032,6.854,0.041,6.300,0.034,9.003,0.049,7.839,0.040,7.711,0.040,4.065,0.022,6.290,0.033,5.062,0.026,5.655,0.029,5.074,0.028,6.892,0.038,6.064,0.034,7.302,0.041,6.737,0.036,9.030,0.049,6.578,0.036,8.998,0.049,7.032,0.039,8.722,0.048,7.200,0.045,6.761,0.042,6.384,0.035,6.954,0.038,11.685,0.056,12.409,0.059,9.404,0.047,11.113,0.056,9.592,0.051,9.797,0.052,9.072,0.050,7.799,0.043,8.179,0.043,7.661,0.040,8.026,0.045,7.208,0.041,7.481,0.040,7.053,0.037,7.391,0.037,7.441,0.037,6.397,0.033,8.985,0.047
"어린이(유아)","30대",16.721,0.084,14.662,0.074,18.952,0.106,21.364,0.120,17.042,0.102,15.955,0.095,15.029,0.106,18.684,0.131,22.384,0.137,23.202,0.142,22.960,0.136,22.276,0.132,21.154,0.124,24.464,0.143,30.398,0.168,28.752,0.159,22.064,0.135,25.695,0.158,26.337,0.134,26.529,0.135,25.587,0.133,28.320,0.148,27.369,0.137,33.283,0.166,21.365,0.127,31.846,0.189,23.442,0.126,33.752,0.182,24.461,0.126,35.616,0.183,20.538,0.109,32.679,0.173,24.010,0.123,28.433,0.146,22.954,0.127,28.431,0.157,23.529,0.132,28.779,0.162,22.976,0.124,30.818,0.166,21.107,0.115,29.510,0.161,21.105,0.116,36.520,0.201,21.977,0.137,28.799,0.180,24.868,0.136,27.589,0.150,26.914,0.128,41.267,0.197,21.983,0.111,38.728,0.196,20.026,0.106,41.948,0.221,17.528,0.096,35.771,0.197,22.171,0.116,38.293,0.200,21.678,0.122,41.671,0.235,19.989,0.106,35.410,0.187,22.675,0.114,42.355,0.213,21.909,0.114,40.393,0.210
"어린이(유아)","40대",19.436,0.098,17.564,0.088,22.914,0.129,17.455,0.098,16.146,0.096,12.480,0.075,14.264,0.100,10.844,0.076,15.796,0.097,13.378,0.082,20.198,0.120,18.213,0.108,24.476,0.143,16.509,0.096,28.090,0.155,22.424,0.124,23.221,0.142,19.199,0.118,26.170,0.133,27.497,0.140,27.192,0.142,29.073,0.152,21.893,0.109,24.770,0.124,22.279,0.132,32.669,0.194,25.065,0.135,32.654,0.176,28.171,0.145,31.145,0.160,26.232,0.139,24.562,0.130,27.050,0.139,27.772,0.143,25.844,0.143,26.775,0.148,25.447,0.143,28.034,0.158,35.384,0.191,32.616,0.176,32.916,0.180,30.809,0.168,41.528,0.229,38.937,0.215,34.283,0.214,30.088,0.188,33.694,0.184,24.950,0.136,40.036,0.191,37.509,0.179,33.222,0.168,32.356,0.163,34.779,0.183,31.911,0.168,35.507,0.195,32.912,0.181,44.938,0.235,38.423,0.201,42.147,0.237,31.034,0.175,38.807,0.205,39.260,0.207,46.816,0.236,35.336,0.178,36.885,0.192,37.647,0.196
"어린이(유아)","50대",12.404,0.062,26.966,0.135,14.589,0.082,20.897,0.117,13.132,0.078,19.522,0.117,10.949,0.077,16.305,0.115,11.446,0.070,24.775,0.152,11.963,0.071,24.874,0.147,13.010,0.076,22.738,0.133,19.598,0.108,25.768,0.142,16.907,0.104,26.815,0.164,18.492,0.094,30.362,0.155,20.064,0.105,29.332,0.153,20.083,0.100,32.504,0.162,17.146,0.102,21.100,0.125,18.349,0.099,24.090,0.130,16.638,0.086,25.952,0.134,14.632,0.077,21.452,0.114,15.856,0.081,22.344,0.115,15.764,0.087,21.011,0.116,18.754,0.106,23.192,0.131,19.467,0.105,23.611,0.127,18.895,0.103,24.929,0.136,20.188,0.111,23.787,0.131,16.697,0.104,18.347,0.115,16.934,0.092,18.440,0.101,20.649,0.099,25.594,0.122,17.818,0.090,20.982,0.106,13.430,0.071,17.787,0.094,17.090,0.094,20.612,0.113,13.054,0.068,16.049,0.084,11.275,0.064,14.240,0.080,13.651,0.072,16.495,0.087,15.593,0.079,17.663,0.089,13.494,0.070,16.396,0.085
"어린이(유아)","60세 이상",22.647,0.114,23.300,0.117,20.468,0.115,23.134,0.130,18.050,0.108,20.359,0.122,16.021,0.113,19.296,0.136,18.819,0.115,21.578,0.132,18.664,0.110,20.804,0.123,17.627,0.103,19.554,0.114,28.324,0.156,29.317,0.162,19.743,0.121,20.826,0.128,21.906,0.112,24.584,0.125,21.323,0.111,24.798,0.129,23.622,0.118,26.669,0.133,20.595,0.122,24.680,0.146,23.589,0.127,26.298,0.142,23.409,0.121,24.526,0.126,24.266,0.128,25.216,0.133,22.185,0.114,22.207,0.114,21.526,0.119,22.014,0.122,24.586,0.138,25.881,0.146,28.126,0.152,28.811,0.155,23.952,0.131,23.629,0.129,23.535,0.130,27.406,0.151,21.734,0.136,23.907,0.149,23.955,0.131,26.359,0.144,36.153,0.173,36.044,0.172,31.535,0.159,33.772,0.171,27.055,0.143,29.050,0.153,24.461,0.134,28.607,0.157,21.366,0.112,27.612,0.144,21.501,0.121,25.550,0.144,21.875,0.116,26.750,0.141,24.264,0.122,26.822,0.135,22.198,0.115,26.444,0.137
"기타","4-9세",0.565,0.055,3.753,0.363,1.603,0.099,1.665,0.103,0.057,0.018,1.386,0.429,0.267,0.098,0.072,0.026,0.319,0.083,0.002,0.001,0.803,0.108,1.483,0.200,2.141,0.180,1.504,0.126,0.720,0.117,0.570,0.093,1.349,0.225,1.719,0.287,0.670,0.226,0.229,0.077,3.411,0.655,1.056,0.203,2.463,0.892,0.561,0.203,1.173,0.137,2.446,0.287,9.442,0.798,3.165,0.268,1.209,0.333,1.841,0.507,1.271,0.370,0.438,0.127,0.686,0.333,1.074,0.521,0.910,0.265,0.290,0.085,2.187,0.238,3.567,0.388,2.223,0.967,0.641,0.279,2.724,0.648,2.256,0.537,3.608,0.665,3.069,0.565,0.032,0.016,0.276,0.136,0.028,0.011,0.986,0.390,6.365,0.507,3.286,0.262,3.992,0.393,4.521,0.445,1.477,0.346,1.537,0.360,1.017,0.224,0.014,0.003,0.831,0.290,1.316,0.459,1.219,0.300,1.393,0.342,0.501,0.152,1.048,0.318,4.313,0.352,6.719,0.549,1.936,0.533,3.564,0.982
"기타","10대",3.082,0.298,1.931,0.187,3.648,0.226,2.088,0.129,0.667,0.207,0.441,0.136,0.337,0.123,0.122,0.045,0.050,0.013,0.141,0.037,2.248,0.303,2.281,0.307,1.671,0.140,1.831,0.154,1.098,0.179,0.133,0.022,1.337,0.223,0.670,0.112,0.209,0.070,0.163,0.055,1.543,0.296,0.609,0.117,0.824,0.298,0.179,0.065,2.798,0.328,2.401,0.282,2.989,0.253,1.247,0.105,0.678,0.187,0.299,0.082,0.543,0.158,0.249,0.073,0.228,0.111,0.239,0.116,0.391,0.114,0.121,0.035,1.872,0.203,1.139,0.124,0.046,0.020,0.195,0.085,0.332,0.079,0.555,0.132,1.382,0.254,2.322,0.428,0.076,0.037,0.034,0.017,0.058,0.023,0.032,0.013,3.993,0.318,3.052,0.243,1.307,0.129,0.973,0.096,0.135,0.032,0.105,0.025,0.328,0.072,0.200,0.044,1.007,0.351,0.124,0.043,0.710,0.174,0.489,0.120,0.509,0.154,0.394,0.119,2.248,0.184,2.246,0.183,0.969,0.267,0.679,0.187
"기타","20대",1.859,0.180,2.455,0.237,1.853,0.115,2.366,0.146,0.443,0.137,0.347,0.108,0.093,0.034,0.095,0.035,0.165,0.043,0.035,0.009,2.118,0.285,1.750,0.236,1.146,0.096,2.059,0.173,0.310,0.051,1.513,0.247,0.498,0.083,1.211,0.202,0.044,0.015,0.263,0.089,1.105,0.212,1.892,0.363,0.207,0.075,0.219,0.079,1.264,0.148,1.837,0.215,2.492,0.211,3.563,0.301,0.395,0.109,0.159,0.044,0.306,0.089,0.326,0.095,0.253,0.123,0.084,0.041,0.107,0.031,0.144,0.042,2.407,0.262,0.885,0.096,0.361,0.157,0.353,0.153,0.527,0.125,0.620,0.148,1.421,0.262,1.981,0.365,0.040,0.020,0.015,0.007,0.033,0.013,0.014,0.006,1.653,0.132,2.541,0.202,2.556,0.252,1.837,0.181,0.200,0.047,0.820,0.192,0.130,0.029,0.518,0.114,0.131,0.046,0.303,0.106,0.397,0.098,0.449,0.110,0.310,0.094,0.441,0.134,2.124,0.174,1.592,0.130,0.863,0.238,0.928,0.256
"기타","30대",4.073,0.394,3.526,0.341,4.658,0.288,2.986,0.185,0.398,0.123,0.670,0.207,0.080,0.029,0.140,0.051,0.382,0.100,0.164,0.043,3.980,0.536,2.368,0.319,6.399,0.538,3.556,0.299,2.309,0.377,2.064,0.337,1.168,0.195,1.160,0.193,0.411,0.139,0.370,0.125,2.873,0.552,2.038,0.391,0.713,0.258,0.427,0.155,2.548,0.299,2.394,0.281,4.473,0.378,4.468,0.378,0.464,0.128,0.834,0.230,0.331,0.096,0.661,0.192,0.256,0.124,0.287,0.139,0.761,0.222,0.558,0.163,2.296,0.250,2.783,0.303,0.346,0.151,0.359,0.156,0.693,0.165,0.892,0.212,2.829,0.521,2.665,0.491,0.259,0.128,0.210,0.104,0.223,0.088,0.058,0.023,3.162,0.252,3.135,0.250,3.061,0.301,3.960,0.390,0.619,0.145,0.754,0.177,0.124,0.027,0.189,0.041,0.342,0.119,0.551,0.192,0.652,0.160,0.797,0.196,0.385,0.117,0.376,0.114,3.686,0.301,4.274,0.349,0.822,0.226,0.681,0.187
"기타","40대",5.465,0.528,4.195,0.405,5.823,0.360,3.982,0.246,0.557,0.173,0.722,0.223,0.051,0.019,0.219,0.080,0.248,0.064,0.136,0.036,3.432,0.462,2.975,0.400,3.724,0.313,4.531,0.381,2.325,0.379,1.262,0.206,2.307,0.384,1.033,0.172,0.575,0.194,0.291,0.098,1.970,0.378,2.812,0.540,0.246,0.089,0.636,0.231,2.661,0.312,3.399,0.398,3.791,0.320,5.718,0.483,0.459,0.126,0.905,0.249,0.857,0.249,0.408,0.119,0.158,0.077,0.568,0.276,0.488,0.142,0.444,0.130,2.251,0.245,4.562,0.496,0.209,0.091,0.379,0.165,1.100,0.262,1.523,0.363,3.138,0.578,2.771,0.510,0.120,0.059,0.143,0.071,0.247,0.097,0.588,0.233,3.831,0.305,4.749,0.378,3.032,0.298,3.394,0.334,0.893,0.209,0.927,0.217,0.288,0.063,0.438,0.096,0.602,0.210,0.395,0.137,1.588,0.390,1.121,0.275,0.534,0.162,0.582,0.176,6.579,0.538,3.831,0.313,1.284,0.354,1.503,0.414
"기타","50대",3.240,0.313,4.828,0.466,5.930,0.367,6.389,0.395,0.928,0.287,1.147,0.355,0.187,0.068,0.455,0.166,0.267,0.069,0.341,0.089,3.385,0.456,6.572,0.884,5.162,0.434,6.400,0.538,1.867,0.305,1.580,0.258,1.310,0.218,1.904,0.317,0.316,0.107,0.582,0.196,2.270,0.436,3.704,0.711,0.465,0.168,0.446,0.161,4.106,0.481,4.240,0.497,4.034,0.341,6.575,0.556,0.781,0.215,0.683,0.188,0.711,0.207,0.599,0.174,0.527,0.256,0.489,0.237,0.682,0.199,0.839,0.245,3.773,0.410,3.800,0.413,0.462,0.201,0.601,0.261,1.502,0.358,1.311,0.312,4.969,0.915,5.106,0.940,0.220,0.109,0.138,0.068,0.320,0.127,0.398,0.157,3.862,0.307,4.279,0.341,3.546,0.349,4.434,0.436,1.060,0.248,1.274,0.298,0.527,0.116,0.327,0.072,0.714,0.249,0.463,0.161,0.832,0.204,1.610,0.396,0.570,0.173,0.640,0.194,4.833,0.395,5.593,0.457,0.857,0.236,0.875,0.241
"기타","60세 이상",8.298,0.802,10.222,0.988,6.776,0.419,7.114,0.440,0.839,0.260,0.746,0.231,0.518,0.189,0.450,0.164,0.377,0.098,0.657,0.171,10.481,1.411,13.345,1.796,4.870,0.409,7.242,0.609,2.733,0.446,2.713,0.443,2.601,0.434,2.841,0.473,0.611,0.206,0.701,0.237,4.888,0.938,6.148,1.180,0.594,0.215,0.676,0.245,7.278,0.853,8.407,0.986,7.100,0.600,7.103,0.600,0.622,0.171,0.804,0.222,0.660,0.192,1.054,0.306,0.322,0.156,0.620,0.301,0.549,0.160,1.056,0.308,3.950,0.429,4.704,0.511,0.444,0.193,0.555,0.241,0.925,0.220,1.157,0.275,7.464,1.375,9.314,1.715,0.189,0.093,0.281,0.138,0.429,0.170,0.406,0.161,9.058,0.721,9.590,0.764,5.205,0.512,6.114,0.602,1.349,0.316,1.398,0.327,0.470,0.103,0.846,0.186,0.831,0.289,0.760,0.265,1.319,0.324,1.720,0.423,0.763,0.231,1.093,0.331,6.040,0.493,7.038,0.575,1.003,0.276,1.659,0.457
